user_id,username,email,created_at
1,user001,user001@example.com,2024-10-16
2,user002,user002@example.com,2023-04-25
3,user003,user003@example.com,2023-01-26
4,user004,user004@example.com,2023-10-09
5,user005,user005@example.com,2023-09-08
6,user006,user006@example.com,2023-08-17
7,user007,user007@example.com,2023-05-23
8,user008,user008@example.com,2023-04-15
9,user009,user009@example.com,2024-11-23
10,user010,user010@example.com,2024-07-12
11,user011,user011@example.com,2023-03-31
12,user012,user012@example.com,2024-08-27
13,user013,user013@example.com,2024-03-08
14,user014,user014@example.com,2023-02-02
15,user015,user015@example.com,2023-01-31
16,user016,user016@example.com,2023-04-06
17,user017,user017@example.com,2023-08-12
18,user018,user018@example.com,2023-08-27
19,user019,user019@example.com,2024-06-01
20,user020,user020@example.com,2024-09-08
21,user021,user021@example.com,2023-01-28
22,user022,user022@example.com,2024-07-28
23,user023,user023@example.com,2023-07-23
24,user024,user024@example.com,2024-10-27
25,user025,user025@example.com,2024-12-19
26,user026,user026@example.com,2024-07-12
27,user027,user027@example.com,2024-03-05
28,user028,user028@example.com,2023-08-14
29,user029,user029@example.com,2024-04-04
30,user030,user030@example.com,2024-08-26
31,user031,user031@example.com,2023-10-12
32,user032,user032@example.com,2023-01-07
33,user033,user033@example.com,2023-06-13
34,user034,user034@example.com,2024-12-15
35,user035,user035@example.com,2024-03-08
36,user036,user036@example.com,2023-12-15
37,user037,user037@example.com,2023-10-12
38,user038,user038@example.com,2023-06-09
39,user039,user039@example.com,2023-08-09
40,user040,user040@example.com,2023-12-11
41,user041,user041@example.com,2023-04-15
42,user042,user042@example.com,2023-04-05
43,user043,user043@example.com,2024-01-25
44,user044,user044@example.com,2023-04-10
45,user045,user045@example.com,2024-01-03
46,user046,user046@example.com,2023-12-19
47,user047,user047@example.com,2024-09-10
48,user048,user048@example.com,2023-09-28
49,user049,user049@example.com,2023-02-14
50,user050,user050@example.com,2024-04-15
51,user051,user051@example.com,2024-07-03
52,user052,user052@example.com,2023-05-08
53,user053,user053@example.com,2024-01-23
54,user054,user054@example.com,2023-03-22
55,user055,user055@example.com,2024-07-19
56,user056,user056@example.com,2023-10-28
57,user057,user057@example.com,2024-10-05
58,user058,user058@example.com,2024-09-25
59,user059,user059@example.com,2024-01-06
60,user060,user060@example.com,2024-08-14
61,user061,user061@example.com,2023-07-16
62,user062,user062@example.com,2024-12-22
63,user063,user063@example.com,2023-03-13
64,user064,user064@example.com,2023-02-16
65,user065,user065@example.com,2024-11-08
66,user066,user066@example.com,2023-08-22
67,user067,user067@example.com,2023-10-24
68,user068,user068@example.com,2023-03-23
69,user069,user069@example.com,2023-08-27
70,user070,user070@example.com,2023-04-14
71,user071,user071@example.com,2024-01-25
72,user072,user072@example.com,2023-10-12
73,user073,user073@example.com,2024-04-09
74,user074,user074@example.com,2024-10-12
75,user075,user075@example.com,2024-01-09
76,user076,user076@example.com,2023-06-16
77,user077,user077@example.com,2024-01-15
78,user078,user078@example.com,2023-12-30
79,user079,user079@example.com,2023-08-03
80,user080,user080@example.com,2024-11-17
81,user081,user081@example.com,2023-10-01
82,user082,user082@example.com,2024-12-19
83,user083,user083@example.com,2024-11-30
84,user084,user084@example.com,2024-10-25
85,user085,user085@example.com,2023-03-15
86,user086,user086@example.com,2024-09-15
87,user087,user087@example.com,2024-10-12
88,user088,user088@example.com,2023-06-25
89,user089,user089@example.com,2024-06-30
90,user090,user090@example.com,2023-09-08
91,user091,user091@example.com,2023-06-17
92,user092,user092@example.com,2024-04-18
93,user093,user093@example.com,2024-01-24
94,user094,user094@example.com,2023-10-04
95,user095,user095@example.com,2024-10-17
96,user096,user096@example.com,2024-12-05
97,user097,user097@example.com,2024-07-24
98,user098,user098@example.com,2023-08-13
99,user099,user099@example.com,2024-12-02
100,user100,user100@example.com,2023-11-29
